DEADCELLS,100
BINDINGOFISAAC,100
BOI,100
TUNIC,100
PRINGLS,100
MONTENEGRO,100
FOUNTAINPEN,100
PENCIL,100
PEN,100
JOURNAL,100
TRAVELERS,100
TRAVELERSNOTEBOOK,100
ATLAST,100
AGALLOCH,100
BLACKMARBLE,100
IRONLUNG,100
AVATAR,100
CAT,100
HOLLOWKNIGHT,100
SHADE,100
HORNET,100
AFTERBIRTH,100
REBIRTH,100
COFFEE,100
KITTY,100
KITTEN,100
APPLE,100
IPOD,100
IPHONE,100
CATNIP,100
VOLKSWAGEN,100
TROC,100
AEO,100
HOWDEN,100
BARNSLEY,100
AUGUST,100
DECEMBER,100
LEO,100
SAGITTARIUS,100
CROSSWORD,100
SUDOKU,100
CHESS,100
CUTIE,100
BOOTY,100
LOVE,100
PRINCESS,100
BABY,100
OUTERWILDS,100
FLACK,100
MILICA,100
THOMAS,100
MILA,100
MIMI,100
RADIOMILICA,100
NEWYEARSEVE,100
ANNIVERSARY,100
WATER,100
BEANSONTOAST,100
CHICKENNUGGIES,100
NUGGIES,100
LIESOFLOCKELAMORA,100
LOCKE,100
LAMORA,100
LOCKELAMORA,100
SONY,100
CAPRISA,100
RUNESCAPE,100
RISKOFRAIN,100
ROR,100
FINLAND,100
EUROVISION,100
DOUZEPOINTS,100
MOJSVIJET,100
SERGEJ,100
CETKOVIC,100
SERGEJCETKOVIC,100
PATCHWORK,100
VITICULTURE,100
SLEEPY,100
TICKTICK,100
CUTE,100
BAG,100
BAGS,100
SLEEP,100
SNORE,100
SNOOZE,100
WAYOFWATER,100
PUTVODE,100
CINEMA,100
POPCORN,100
PALACINKE,100
VIDI,100
VOLIMTE,100
TNS,100
NERO,100
CAFFENERO,100
STARBUCKS,100
STORBORKS,100
COSTA,100
COSTACOFFEE,100
EVERDELL,100
DIVINITY,100
ORIGINALSIN,100
ORIGINALSINDIVINITY,100
OVERWATCH,100
HUMANFALLFLAT,100
CHOCCY,100
CHOCCYMILK,100
PIZZA,100
GOUSTO,100
PODGORICA,100
FOREST,100
TGD,100
MAN,100
MANCHESTER,100
ORLY,100
PARIS,100
ORLYFRANCE,100
FRANCE,100
SPOTIFY,100
NOTION,100
GOODREADS,100
KINDLE,100
ABERCROMBIE,100
AMAZON,100
CHIMKIN,100
MCDONALDS,100
KFC,100
MACCYDEES,100
VEGGIEDIPPER,100
BORGIR,100
RATS,100
GHOST,100
RATSGHOST,100
DISCORD,100
VIBER,100
TELEGRAM,100
STEAM,100
STARDEWVALLEY,100
EXIT,100
BAPANADA,100
SILKSONG,100
YOUTUBE,100
ELDENRING,100
JUNE,100
WEEB,100
ANIME,100
IBIS,100
MEADOWHALL,100
LEEDS,100
YORK,100
HOWDEN,100
SHEFFIELD,100
TREEHOUSE,100
BOARDGAMECAFE,100
BOARDGAME,100
TREEHOUSEBOARDGAMECAFE,100
SOURDOUGH,100
SOURDOUGHSTARTER,100
STARTER,100
ALPHA,100
SWITCH,100
NINTENDO,100
ANIMALCROSSING,100
ACNH,100
NEWHORIZONS,100
MINTSKY,100
RAPTURE,100
HALLOWEEN,100
SPOOKY,100
STUPIT,100
VOLI,100
BUREK,100
DVABUREKASASIROM,100
JEDAN,100
DVA,100
TRI,100
CETIRI,100
PET,100
SEST,100
SEDAM,100
OSAM,100
DEVET,100
DESET,100
HVALA,100
ESPRESSO,100
FLATWHITE,100
WHITE,100
FLAT,100
AUG,100
DEC,100
JUN,100
XMAS,100
CHRISTMAS,100
NYE,100
DOTA,100
DIABLO,100
COZYGROVE,100
ORANGE,100
STRAWBERRY,100
STRAWB,100
KEFIR,100
STRAWBERRYKEFIR,100
FETA,100
FETACHEESE,100
CREAMCHEESE,100
CHEESE,100
CAJNA,100
PISTAC,100
PISTACHIO,100
ICECREAM,100
CASHEW,100
NUTS,100
NUTELLA,100
NUTELLOM,100
BAGEL,100
PORRIDGE,100
BAGELS,100
MOON,100
LUNAR,100
LETTER,100
PENGUIN,100
ROALD,100
LUCKY,100
LENOVO,100
LAPTOP,100
XIAOMI,100
DIARYMILK,100
CADBURY,100
TOBLERONE,100
MUSHROOM,100
TOADSTOOL,100
SHROOM,100
MUSHY,100
MUSH,100
FROG,100
FORG,100
TURTLE,100
TURTLI,100
ARRIVING,100
HUE,100
HUELIGHT,100
HUEBULB,100
VICTORIASTREET,100
VICTORIA,100
OLIVER,100
OLIVERCLOSE,100
SIX,100
TWELVE,100
THECHEESESHOP,100
BADGERANDBEAN,100
BADGER,100
BEAN,100
DEGREES,100
CINEWORLD,100
DUNGEONSANDDRAGONS,100
DND,100
WARHAMMER,100
SPACEMARINES,100
SKAVEN,100
MARINES,100
ULTRAMARINES,100
EMPEROR,100
SPACE,100
WAR,100
MILLENIUM,100
IMPERIUM,100
HORUS,100
HERESY,100
HORUSHERESY,100
GODEMPEROR,100
TYRANIDS,100
NECRON,100
NECRONS,100
TYRANID,100
BLOODBOWL,100
BLOOD,100
BOWL,100
ORC,100
ORCS,100
LOTR,100
LORDOFTHERINGS,100
HARRYPOTTER,100
TWOTOWERS,100
RETURNOFTHEKING,100
ROTK,100
FELLOWSHIP,100
CHAMBER,100
SECRETS,100
CHAMBEROFSECRETS,100
ORDER,100
PHOENIX,100
TOWERS,100
KING,100
RETURN,100
LORD,100
RINGS,100
KISSME,100
LILY,100
KOTOR,100
CATS,100
TIVAT,100
BUDVA,100
TOYOTA,100
LUXEY,100
CUP,100
LUXEYCUP,100
VIM,100
TMUX,100
GOLANG,100
ZSH,100
VAMPIRE,100
SURVIVORS,100
VAMPIRESURVIVORS,100
AGE,100
EMPIRES,100
AOE,100
AGEOFEMPIRES,100
NORD,100
VPN,100
NORDVPN,100
LAST,100
PASS,100
LASTPASS,100
DISCORD,100
OBSIDIAN,100
PRO,100
PIXEL,100
GOOGLE,100
CARROT,100
TORTILLA,100
CARROTTORTILLA,100
GOBLIN,100
SLAYER,100
GOBLINSLAYER,100
JEAN,100
TANNEN,100
CALDO,100
GALDO,100
BUG,100
GREY,100
KNIGHT,100
THEGENTLEMANBASTARDS,100
GENTLEMAN,100
GENTLAMANBASTARDS,100
BASTARDS,100
DEATHRITE,100
PERELANDRO,100
CAMORR,100
FALCONER,100
ANGEVINE,100
NICOVANTE,100
DUKE,100
BONDSMAGE,100
BAYAZ,100
ADUA,100
BETHOD,100
GLOKTA,100
SAND,100
SANDDANGLOKTA,100
INQUISITION,100
MAGI,100
KINGSWAY,100
AGRIONT,100
GORST,100
ARAGON,100
LEGOLAS,100
GOLLUM,100
GANDALF,100
FRODO,100
SAM,100
SAMWISE,100
BAGGINS,100
MERRY,100
PIPPIN,100
TOOK,100
SARUMAN,100
SAURON,100
EYE,100
MORDOR,100
THESHIRE,100
FOOLOFATOOK,100
HOGSMEADE,100
HOGWARTS,100
MALAZAN,100
LOVECRAFT,100
CTHULHU,100
RYLEH,100
IREM,100
CITYOFPILLARS,100
PILLARS,100
NAMELESSCITY,100
CADIA,100
TERRA,100
GREATRIFT,100
RIFT,100
ELDAR,100
MECHANICUM,100
FABIUS,100
BILE,100
SANGUINIUS,100
GUILLIMAN,100
ROBOUTE,100
DARKANGELS,100
ANGELS,100
DARK,100
POG,100
SCANDINAVIAN,100
HEARTHIAN,100
RUBICON,100
COKEZERO,100
DOJC,100
DEEPROCKGALACTIC,100
DRG,100
ROCK,100
DEEP,100
GALACTIC,100
GTFO,100
CORTADO,100
FANE,100
SEBILLE,100
REDPRINCE,100
RED,100
PRINCE,100
JOY,100
FORT,100
ARX,100
METAMORPH,100
CHICKENCLAW,100
GLASSCANNON,100
TACTICS,100
BRUTALITY,100
SURVIVAL,100
GLASS,100
CANNON,100
WITHERMOORE,100
SOURCEMAGIC,100
SOURCE,100
VOIDWOKEN,100
ALEXANDAR,100
BRACCUS,100
REX,100
BRACCUSREX,100
LOVEDEATHROBOTS,100
LOVE,100
DEATH,100
ROBOTS,100
HUNTRESS,100
COMMANDO,100
ENFORCER,100
BANDIT,100
ENGINEER,100
MINER,100
SNIPER,100
ACRID,100
MERCENARY,100
LOADER,100
CHEF,100
WHITE,100
GREEN,100
ORANGE,100
PURPLE,100
RED,100
YELLOW,100
ATG,100
BEHEMOTH,100
BRILLIANT,100
BRILLIANTBEHEMOTH,100
CEREMONIAL,100
DAGGER,100
CEREMONIALDAGGER,100
ISAAC,100
MOM,100
CROWBAR,100
GASOLINE,100
UKULELE,100
DIOS,100
SCYTHE,100
TOUGH,100
TIMES,100
TOUGHTIMES,100
TEDDY,100
TEDDYBEAR,100
BEAR,100
HOOF,100
MAGDALENE,100
CAIN,100
JUDAS,100
DARKJUDAS,100
EVE,100
SAMSON,100
AZAZEL,100
LAZARUS,100
EDEN,100
THELOST,100
LILITH,100
KEEPER,100
APOLLYON,100
BETHANY,100
JACOBANDESAU,100
JACOB,100
ESAU,100
MONSTRO,100
LARRYJR,100
MOMSHEART,100
SATAN,100
DELIRIUM,100
MEGASATAN,100
GUPPY,100
HUSH,100
ADOLLAR,100,$$$
AQUARTER,100,+25 coins
ASNACK,100,HP up
ABADDON,100,Evil + DMG up + fear shot
ABEL,100,Mirrored buddy
ANEMIC,100,Toxic blood
ANKH,100,Eternal life?
AQUARIUS,100,Trail of tears
ARIES,100,Ramming speed
BBF,100,Big Beautiful Fly
BESTBUD,100,Sworn protector
BIGFAN,100,Fat protector
BLACKCANDLE,100,Curse immunity + evil up
BLACKLOTUS,100,HP up x3!
BLOODBAG,100,HP up
BLOODCLOT,100,DMG + range up
BLOODYLUST,100,RAGE!
BLUECAP,100,HP + tears up + shot speed down
BLUEMAP,100,Secrets
BOGOBOMBS,100,1+1 BOOM!
BOMBBAG,100,Gives bombs
BOX,100,Stuff
BREAKFAST,100,HP up
BRIMSTONE,100,Blood laser barrage
BROKENWATCH,100,I think it's broken
BROTHERBOBBY,100,Friends 'till the end
BUMFRIEND,100,He's greedy
BUTTBOMBS,100,Toxic blast +5 bombs
CAFFEINEPILL,100,Speed up + size down
CANCER,100,HP up + you feel protected
CAPRICORN,100,All stats up
CELTICCROSS,100,Blessing of protection
CEREMONIALROBES,100,DMG + evil up
CHAMPIONBELT,100,DMG + challenge up
CHEMICALPEEL,100,DMG up
CHOCOLATEMILK,100,Charge shots
CURSEDEYE,100,Cursed charge shot
DADDYLONGLEGS,100,Daddy's love
DARKBUM,100,He wants to take your life
DARKMATTER,100,DMG up + fear shot
DEADBIRD,100,Protective buddy
DEADCAT,100,9 lives
DEADDOVE,100,Flight + spectral tears
DEADONION,100,Toxic aura tears
DEMONBABY,100,Auto-turret friend
DESSERT,100,HP up
DINNER,100,HP up
DISTANTADMIRATION,100,Attack fly
DRYBABY,100,Immortal friend
EPICFETUS,100,On-demand air strike
EXPERIMENTALTREATMENT,100,"Some stats up, some stats down"
FANNYPACK,100,Filled with goodies
FATE,100,Flight eternal
FIREMIND,100,Flaming tears
FOREVERALONE,100,Attack fly
GEMINI,100,Conjoined friend
GHOSTBABY,100,Spectral buddy
GIMPY,100,Sweet suffering
GNAWEDLEAF,100,Unbreakable
GOATHEAD,100,He accepts your offering
GODHEAD,100,God tears
GROWTHHORMONES,100,Speed + DMG up
GUARDIANANGEL,100,Extra protection
GUILLOTINE,100,DMG + tears up. An out-of-body experience!
HABIT,100,Item martyr
HARLEQUINBABY,100,Double shot buddy
HEADLESSBABY,100,Bloody friend
HIVEMIND,100,Giant spiders and flies
HOLYGRAIL,100,Flight + HP up
HOLYMANTLE,100,Holy shield
HOLYWATER,100,Splash!
HOTBOMBS,100,Burning blast +5 bombs
HUMBLINGBUNDLE,100,1+1 free 4Evar
INFAMY,100,Blocks damage... sometimes
INFESTATION,100,Fly revenge
IPECAC,100,Explosive shots
IRONBAR,100,DMG up + concussive tears
JESUSJUICE,100,Damage + range up
JUICYSACK,100,Sticky babies
LATCHKEY,100,Luck up
LEECH,100,Blood sucker
LEO,100,Stompy
LIBRA,100,You feel balanced
LILBRIMSTONE,100,Evil friend
LILHAUNT,100,Fear him
LITTLEBAGGY,100,Extra pill room
LITTLECHUBBY,100,Attack buddy
LITTLEGISH,100,Sticky friend
LITTLESTEVEN,100,Psychic friend
LOSTCONTACT,100,Shielded tears
LUCKYFOOT,100,Luck up
LUNCH,100,HP up
MAGICMUSHROOM,100,All stats up!
MAGICSCAB,100,HP + luck up
MAGNETO,100,Item snatcher
MATCHBOOK,100,Evil up
MINIMUSH,100,Speed + range up
MITRE,100,Blessing of purity
MONGOBABY,100,Mongo friend
MUTANTSPIDER,100,Quad shot
MYREFLECTION,100,Boomerang tears + DMG up + luck down
MYSTERIOUSLIQUID,100,Toxic splash damage
MYSTERYSACK,100,?
NUMBERONE,100,Tears up + range down
ODDMUSHROOM,100,"HP + DMG up, speed down"
ODDMUSHROOM,100,"Tears + speed up, DMG down"
OLDBANDAGE,100,HP up
OUIJABOARD,100,Spectral tears + tears up
PAGEANTBOY,100,Ultimate grand supreme
PENTAGRAM,100,DMG up
PHD,100,Better pills
PIGGYBANK,100,My life savings
PISCES,100,Tears up + knock-back shots
PLACENTA,100,Regeneration + HP up
POLYPHEMUS,100,Mega tears
PROPTOSIS,100,Short range mega tears
PUNCHINGBAG,100,Scape goat
PYRO,100,99 bombs
PYROMANIAC,100,It hurts so good +5 bombs
RAINBOWBABY,100,Random buddy
RAWLIVER,100,HP up
ROIDRAGE,100,Speed and range up
ROSARY,100,Tears + faith up
ROTTENBABY,100,Infested friend
ROTTENMEAT,100,HP up
RUBBERCEMENT,100,Bouncing tears
SACREDHEART,100,Homing shots + DMG up
SACRIFICIALDAGGER,100,My fate protects me
SADBOMBS,100,Tear blasts +5 bombs
SAFETYPIN,100,Evil + range + shot speed up
SAGITTARIUS,100,Piercing shots + speed up
SCAPULAR,100,Pray for a miracle
SCORPIO,100,Poison tears
SCREW,100,Tears + shot speed up
SHARPPLUG,100,Infinite charge... at a cost
SISSYLONGLEGS,100,She loves you
SISTERMAGGY,100,Friends 'till the end
SKATOLE,100,Fly love
SKELETONKEY,100,99 keys
SMARTFLY,100,Revenge fly
SOYMILK,100,DMG down + tears way up
SPEEDBALL,100,Speed + shot speed up
SPELUNKERHAT,100,See-through doors
SPIDERBITE,100,Slow effect
SPIDERBABY,100,Spider revenge
SPOONBENDER,100,Homing shots
SQUEEZY,100,Tears up
STARTERDECK,100,Extra card room
STEAMSALE,100,50% off
STEMCELLS,100,HP + shot speed up
STEVEN,100,DMG up
STIGMATA,100,DMG + HP up
STOPWATCH,100,Let's slow this down a bit...
STRANGEATTRACTOR,100,Magnetic tears
SUPERBANDAGE,100,+2 hearts
SYNTHOIL,100,DMG + range up
TAURUS,100,Speed down + rage is building
TECHNOLOGY,100,Laser tears
THEBATTERY,100,Stores energy
THEBELT,100,Speed up
THEBODY,100,I feel all
THECOMPASS,100,The end is near
THEHALO,100,All stats up
THELADDER,100,Building bridges
THEMARK,100,DMG + speed up
THEMIND,100,I know all
THEMULLIGAN,100,They grow inside
THENEGATIVE,100,Fate chosen
THEPACT,100,DMG + tears up
THEPARASITE,100,Split shot
THEPEEPER,100,Plop!
THEPOLAROID,100,Fate chosen
THERELIC,100,Soul generator
THESOUL,100,I am all
THEVIRUS,100,Poison touch + speed up
THEWAFER,100,Damage resistance
THUNDERTHIGHS,100,HP up + speed down + you feel stompy
TINYPLANET,100,Orbiting tears + range up
TOOTHPICKS,100,Tears + shot speed up
TORNPHOTO,100,Tears + shot speed up
TOUGHLOVE,100,Tooth shot
TRANSCENDENCE,100,We all float down here...
TREASUREMAP,100,Full visible map
TRINITYSHIELD,100,You feel guarded
VIRGO,100,You feel refreshed and protected
WOODENSPOON,100,Speed up
ATHAME,100,Call to the void
BETRAYAL,100,Turn your enemy
BINKY,100,Tears up
BLACKPOWDER,100,Spin the black circle!
BOMBERBOY,100,Cross blast + 5 bombs
BUMBO,100,Bumbo want coin!
BURSTINGSACK,100,Spider love
CAMBIONCONCEPTION,100,Feed them hate
CARBATTERY,100,Active power up
CENSER,100,Peace be with you
CHAOS,100,!!!
CHARGEDBABY,100,Bbbzzzzzt!
CONTINUUM,100,Transcendent tears
CRACKJACKS,100,HP up. Don't swallow the prize!
DEADEYE,100,Accuracy brings power!
DEEPPOCKETS,100,More money!
EMPTYVESSEL,100,I reward an empty vessel
EPIPHORA,100,Intensifying tears
EVILEYE,100,Eye shot!
EXPLOSIVO,100,Sticky bomb shot!
FARTINGBABY,100,He farts!
FRIENDZONE,100,Friendly fly
FRUITCAKE,100,Rainbow effects!
GBBUG,100,Double tap glitch
GLITTERBOMBS,100,Prize bombs!
HOLYLIGHT,100,Holy death shot
HOSTHAT,100,Blast resistance
IMMACULATECONCEPTION,100,Feed them love
INCUBUS,100,Dark friend
KEYBUM,100,He wants your keys!
KIDNEYSTONE,100,Matt's kidney stone
LILCHEST,100,What's in the box?
LILGURDY,100,A gurd of your own!
LILLOKI,100,4-way buddy!
LOSTFLY,100,Lost protector
LUSTYBLOOD,100,Their blood brings rage!
MARKED,100,Directed tears
MOREOPTIONS,100,There's options
MULTIDIMENSIONALBABY,100,ydduB Buddy
MYSHADOW,100,Me! And my shaaaadow!
NIGHTLIGHT,100,Scared of the dark?
NUMBERTWO,100,Uh oh...
OBSESSEDFAN,100,Follows my every move...
PAPAFLY,100,Turret follower
PJS,100,You feel cozy
PUPULADUPLEX,100,Wide shot
PURITY,100,Aura stat boost
RESTOCK,100,Never ending stores!
RUNEBAG,100,Rune generator
SACKHEAD,100,More sacks!
SCATTERBOMBS,100,We put bombs in your bombs!
SERAPHIM,100,Sworn friend
SPIDERMOD,100,Mod buddy!
STICKYBOMBS,100,Egg sack bombs!
SUCCUBUS,100,Damage booster
SWORNPROTECTOR,100,Protective friend
TECHX,100,Laser ring tears
THEWIZ,100,Double wiz shot!
TOXICSHOCK,100,Mass poison
TRACTORBEAM,100,Controlled tears
ZODIAC,100,The heavens will change you
ACIDBABY,100,Pills pills pills!
ADRENALINE,100,Panic = power
ANALOGSTICK,100,360 tears!
ANGELICPRISM,100,Eclipsed by the moon
ANGRYFLY,100,He's violent
BACKSTABBER,100,Watch your back!
BELLYBUTTON,100,What's in there?
BIGCHUBBY,100,Chub chub
BLANKET,100,You feel Safe
BLOODSHOTEYE,100,Bloody friend
BOZO,100,Party time!
BRITTLEBONES,100,Everything hurts
BROKENMODEM,100,Lag!
BROKENSHOVEL,100,It feels cursed
CAMOUNDIES,100,Camo kid
COMPOUNDFRACTURE,100,Bone tears!
CONEHEAD,100,Hard headed!
CONTAGION,100,Outbreak!
DEADTOOTH,100,Toxic breath
DEPRESSION,100,:(
DIVORCEPAPERS,100,Tears up + you feel empty
DOGTOOTH,100,Bark at the moon!
DUALITY,100,You feel very balanced
EUCHARIST,100,Peace be with you
EUTHANASIA,100,Needle shot
FASTBOMBS,100,Rapid bomb drops
FLATSTONE,100,Skipping tears
GHOSTPEPPER,100,Flame tears
GLAUCOMA,100,Blind tears!
HAEMOLACRIA,100,I'm seeing red...
HALLOWEDGROUND,100,Portable sanctuary
HUSHY,100,Lil hush!
JAWBONE,100,Fetch!
JUMPERCABLES,100,Bloody recharge
KINGBABY,100,Hail to the king baby
LACHRYPHAGY,100,Feed them!
LARGEZIT,100,Creep shots
LEADPENCIL,100,He's a bleeder!
LEPROSY,100,You're tearing me apart!
LILDELIRIUM,100,Delirious friend
LILMONSTRO,100,Ain't he cute?
LILSPEWER,100,Puking buddy
LINGERBEAN,100,Crying makes me toot
LITTLEHORN,100,Big brother is watching
MARBLES,100,Choking hazard
MARROW,100,HP up?
METALPLATE,100,It itches...
MIDNIGHTSNACK,100,HP up
MYSTERYEGG,100,Sacrificial insemination
PARASITOID,100,Egg tears!
POINTYRIB,100,Stabbing time
POKEGO,100,Gotta catch em...
POLYDACTYLY,100,Hold me!
SCHOOLBAG,100,Extra active item room
SHADE,100,It follows
SINUSINFECTION,100,Booger tears!
SLIPPEDRIB,100,Projectile shield
SULFURICACID,100,Acid tears!
TAROTCLOTH,100,I see the future
TECHNOLOGYZERO,100,Static tears!
TRISAGION,100,Smite thy enemy
VARICOSEVEINS,100,I'm leaking...
AKELDAMA,100,Spill your guts
ALMONDMILK,100,DMG down + tears up + you feel nutty
ASTRALPROJECTION,100,The true out-of-body experience!
BATTERYPACK,100,Instant energy!
BELLYJELLY,100,Bounce away!
BINGEEATER,100,All you can eat
BIRDCAGE,100,Fat buddy
BIRTHRIGHT,100,???
BLOODBOMBS,100,Bloody blast + HP up
BLOODOATH,100,Bleed me dry
BLOODPUPPY,100,What a cute little thing!
BLOODYGUST,100,May your rage bring haste
BOILEDBABY,100,Messy friend
BONESPURS,100,Break your enemies
BOOSTERPACK,100,Collect them all!
BOTFLY,100,Defense drone
BRIMSTONEBOMBS,100,Demon blast +5 bombs
CSECTION,100,Fetus shots
CANDYHEART,100,Power of love
CARDREADING,100,A link to your future
CONSOLATIONPRIZE,100,+1 to lowest stat
CRACKEDORB,100,Shards of knowledge
CUBEBABY,100,Kick it!
DIRTYMIND,100,Filthy friends
DIVINEINTERVENTION,100,Double tap shield
DOGMA,100,Ascended
DREAMCATCHER,100,Sweet dreams
ECHOCHAMBER,100,I can see see the future future future
EMPTYHEART,100,It multiplies
EVILCHARM,100,Luck up + you feel protected
EYEDROPS,100,Tears up
EYESORE,100,More eyes
FALSEPHD,100,Worse pills + evil up
FREEZERBABY,100,Iced iced baby
FRUITYPLUM,100,Bouncy friend
GHOSTBOMBS,100,Spooky blast +5 bombs
GIANTCELL,100,Micro friends
GLASSEYE,100,DMG + luck up
GLITCHEDCROWN,100,?????
HEARTBREAK,100,Eternal sorrow
HEMOPTYSIS,100,Double tap sneeze
HUNGRYSOUL,100,Out for blood
HYPERCOAGULATION,100,Thick blooded
IBS,100,Your stomach rumbles
IMMACULATEHEART,100,Halo of tears
INNERCHILD,100,Let him free
ITHURTS,100,No it doesn't...
JUPITER,100,You're a gas giant!
KNOCKOUTDROPS,100,They pack a punch!
LILABADDON,100,Abyssal friend
LILDUMPY,100,Puffy buddy
LILPORTAL,100,It hungers
LODESTONE,100,Magnetizing tears
LOSTSOUL,100,Protect him
LUNA,100,The moon's blessing shines upon you
MARS,100,Double tap dash
MEMBERCARD,100,Exclusive access!
MERCURIUS,100,Speed up + you feel elusive
MONSTRANCE,100,Purifying light
MUCORMYCOSIS,100,Spore shot
NANCYBOMBS,100,Random blast +5 bombs
NEPTUNUS,100,Open the floodgates
OCULARRIFT,100,Stare into the abyss
ORPHANSOCKS,100,Speed up + your feet feel stronger
PASCHALCANDLE,100,Keep the flame burning
PLAYDOUGHCOOKIE,100,Tasty rainbow
PLUTO,100,Size down
PSYFLY,100,Flamboyant protector
PURGATORY,100,Help from beyond
QUINTS,100,They lurk inside
REDSTEW,100,Full HP + temporary DMG up
REDEMPTION,100,Deliver me from evil
REVELATION,100,Awaken your faith
ROCKBOTTOM,100,It's only up from there
ROTTENTOMATO,100,Delicious!
SACREDORB,100,Destined for greatness
SALVATION,100,Divine protection
SANGUINEBOND,100,He awaits your offering
SATURNUS,100,Ring of tears
SAUSAGE,100,All stats up
SOL,100,Radiant victory
SOULLOCKET,100,Power of faith
SPIRITSHACKLES,100,Unfinished business
SPIRITSWORD,100,Divine blade
STAPLER,100,DMG up
STRAWMAN,100,A helping hand
STYE,100,DMG + range up
SUPPER,100,HP up
TERRA,100,Born to rock
THEINTRUDER,100,Invasive friend
THESTAIRWAY,100,May you get what you came for
THESWARM,100,Infest
TINYTOMA,100,Itching for revenge
TMTRAINER,100,ZZaZZ ZZdZZiZZmZZhZZ ZZvZZ ZZoZZ ZZ ZZsZZlZZhZZsZZoZZaZZiZZ
TROPICAMIDE,100,Tear size + range up
TWISTEDPAIR,100,Double trouble!
URANUS,100,Ice tears
VANISHINGTWIN,100,He wants revenge
VASCULITIS,100,Clogged enemies
VENGEFULSPIRIT,100,Hot blooded
VENUS,100,HP up + you feel pretty
VOODOOHEAD,100,Extra curse rooms
WORMFRIEND,100,Clingy buddy
TONSIL,100,Gross...
APONY,100,Flight + dash attack
ANARCHISTCOOKBOOK,100,Summon bombs
BESTFRIEND,100,Friends 'till the end
BLANKCARD,100,Card mimic
BLOODRIGHTS,100,Mass enemy damage at a cost
BUTTERBEAN,100,Reusable knock-back
CONVERTER,100,Convert your soul
CRYSTALBALL,100,I see my future
IVBAG,100,Portable blood bank
LEMONMISHAP,100,Oops...
MAGICFINGERS,100,Pay to win
MONSTERMANUAL,100,Temporary buddy generator
NOTCHEDAXE,100,Rocks don't stand a chance
PORTABLESLOT,100,Gamble 24/7
PRAYERCARD,100,Reusable eternity
RAZORBLADE,100,Feel my pain
REDCANDLE,100,Flame on
REMOTEDETONATOR,100,Remote bomb detonation
SATANICBIBLE,100,Reusable evil... but at what cost?
SCISSORS,100,Lose your head
SPIDERBUTT,100,Mass enemy slowdown + damage
THEBEAN,100,Toot on command
THEBIBLE,100,Temporary flight
THEBOOMERANG,100,It will never leave you
THECANDLE,100,Reusable flames
THEGAMEKID,100,Temporary Man-Pac
THEHOURGLASS,100,Temporary enemy slowdown
THEJAR,100,Save your life
THENAIL,100,Temporary demon form
THENECRONOMICON,100,Mass room damage
THEPOOP,100,Plop!
UNDEFINED,100,Undefined
UNICORNSTUMP,100,You feel stumped
WHITEPONY,100,Flight + holy death
YUMHEART,100,Reusable regeneration
DIPLOPIA,100,Double item vision
FRIENDLYBALL,100,Gotta fetch 'em all!
GLASSCANNON,100,Be gentle...
GLOWINGHOURGLASS,100,Turn back time
KIDNEYBEAN,100,Love toots!
MEGABEAN,100,Giga fart!
MEGABLAST,100,Laser breath
MINECRAFTER,100,Booom!
PLACEBO,100,Pill mimic
TEARDETONATOR,100,Remote tear detonation!
VENTRICLERAZOR,100,Short cutter
WOODENNICKEL,100,Flip a coin
BLACKHOLE,100,Nothing can escape
BROKENSHOVEL,100,It feels cursed
BROWNNUGGET,100,Friendly fly
CLICKER,100,Change
COMPOST,100,Gain more friends!
COUPON,100,Allow 6 weeks for delivery
CROOKEDPENNY,100,50/50
DINFINITY,100,Reroll forever
DATAMINER,100,109
DELIRIOUS,100,Unleash the power!
DULLRAZOR,100,I feel numb...
METRONOME,100,Waggles a finger
MOVINGBOX,100,Pack and unpack
MYSTERYGIFT,100,Wrapped up nice for you!
PAUSE,100,Stop!
PLANC,100,My last resort
POTATOPEELER,100,A pound of flesh
SACRIFICIALALTAR,100,He demands a sacrifice
SHARPSTRAW,100,More blood!
SMELTER,100,Trinket melter!
SPRINKLER,100,Sprinkles.
TELEKINESIS,100,Power of the mind
VOID,100,Consume
ABYSS,100,Come forth from the depths
ALABASTERBOX,100,A sacred offering
ANIMASOLA,100,Repent
CLEARRUNE,100,Rune mimic
DAMOCLES,100,A king's fortune... but at what cost?
DARKARTS,100,One with the shadows
DEATHCERTIFICATE,100,Where am I?
DECAPATTACK,100,Chuck away!
ERASER,100,Erase thy enemy
EVERYTHINGJAR,100,Anything is possible
FLIP,100,Twist of fate
FORTUNECOOKIE,100,Reusable fortunes
FREELEMONADE,100,Party time!
FRIENDFINDER,100,Best friends forever!
GELLO,100,Demonic gestation
GENESIS,100,In the beginning
GOLDENRAZOR,100,Pain from gain
HOLD,100,Saved for later
LARYNX,100,Hear my pain
LEMEGETON,100,Item summoner
MAGICSKIN,100,All your desires fulfilled
MEATCLEAVER,100,Slice but no dice
MEGAMUSH,100,I'm a big boy now!
PLUMFLUTE,100,Play time!
RKEY,100,Time to start over
RECALL,100,Come back
REDKEY,100,Explore the other side
SHARPKEY,100,Open your enemies
SPINDOWNDICE,100,-1
STITCHES,100,Bait and switch
SULFUR,100,Temporary demon form
SUMPTORIUM,100,Blood to blood
THESCOOPER,100,Plop!
VADERETRO,100,Begone!
WAVYCAP,100,Tears up. A mind changing experience!
YUCKHEART,100,Gross!
SALAMI,100
OVERCOOKED,100
HOTCHOCOLATE,100
HOTCHOCCY,100
NYT,100
NEWYORKTIMES,100
NEW,100
YORK,100
TIMES,100
DLES,100
GAMEDLE,100
GUESSTHEGAME,100
HERTL,100
JACKBOX,100
MARIOPARTY,100
MARIO,100
PARTY,100
SLAYTHESPIRE,100
SLAY,100
SPIRE,100
HADES,100
UNRAILED,100
HEAVENLY,100
BODIES,100
HEAVENLYBODIES,100
JAGEX,100
ARMELLO,100
ASTRONEER,100
FACTORIO,100
BRAWLHALLA,100
COOKIECLICKER,100
COOKIE,100
IDLE,100
DUNGEON,100
ENDLESS,100
DUNGEONOFTHEENDLESS,100
MALENIA,100
HOARAHLOUX,100
HOARAH,100
LOUX,100
GODFREY,100
ELDEN,100
LORD,100
FIRST,100
MARIKA,100
GOLDENORDER,100
GOLDEN,100
DUNGEATER,100
DUNG,100
EATER,100
ALEXANDER,100
WARRIOR,100
JAR,100
BLAIDD,100
BOC,100
SEAMSTER,100
MALIKETH,100
MARGIT,100
BLACK,100
BLADE,100
MIQUELLA,100
MELINA,100
SCARLETROT,100
HALIGTREE,100
MOHG,100
LORDOFBLOOD,100
MOONGRUM,100
NEPHELI,100
PLACIDUSAX,100
SELUVIS,100
FIA,100
RADAGON,100
RANNI,100
RENNALA,100
GODEFROY,100
GODRICK,100
GRAFTED,100
RYKARD,100
GODWYN,100
GOLDMASK,100
OFNIR,100
GIDEON,100
SIRGIDEONOFNIR,100
SIRGIDEON,100
HEWG,100
MASTERHEWG,100
ROGIER,100
SELLEN,100
RADAHN,100
LEONARD,100,Horse to Radahn
TWOFINGERS,100
THREEFINGERS,100
TARNISHED,100
FORTISSAX,100
VYKE,100
GWYN,100
GWYNDOLIN,100
ANDRE,100
ASTORA,100
SIEGMEYER,100
FRAMPT,100
LAUTREC,100
CARIM,100
QUELAAG,100
KAATHE,100
ARTORIAS,100
PRISCILLA,100
SOLAIRE,100
ASTORA,100
CROSSBREED,100
SMOUGH,100
SEATH,100
SIF,100
ASHENONE,100
SIEGWARD,100
CATARINA,100
FIREKEEPER,100
PYGMY,100
CINDER,100
KALAMEET,100
ANORLONDO,100
NITO,100
JEREMIAH,100
XANTHOUS,100
ALDRICH,100
YHORM,100
LOTHRIC,100
HAVEL,100
PATCHES,100
FORTHEKING,100
ITTAKESTWO,100
TWO,100
LITTLENIGHTMARES,100
NIGHTMARES,100
SPELUNKY,100
STREETSOFROGUE,100
TETRIS,100
VRISING,100
TRINE,100
WITCHER,100
GERALT,100
KAERMORHEN,100
NOVIGRAD,100
VELEN,100
SKELLIGE,100
EMHYR,100
DANDELION,100
FRINGILLA,100
CIRI,100
ANTONIO,100
IMELDA,100
PASQUALINA,100
GENNARO,100
ARCA,100
PORTA,100
LAMA,100
POE,100
CLERICI,100
DOMMARIO,100
KROCHI,100
CHRISTINE,100
PUGNALA,100
GIOVANNA,100
POPPEA,100
CONCETTA,100
MORTACCIO,100
CAVALLO,100
RAMBA,100
OSOLE,100
AMBROJOE,100
GALLO,100
DIVANO,100
QUEENSIGMA,100
MENYA,100
MIANG,100
SYUUTO,100
BABIONNA,100
MCCOYONI,100
ELEANOR,100
MARUTO,100
KEITHA,100
LUMINAIRE,100
SAMMY,100
EXDASH,100
TOASTIE,100
SMITH,100
MARRABBIO,100
AVATAR,100
MINNAH,100
LEDA,100
REDDEATH,100
WHIP,100
MAGICWAND,100
KNIFE,100
AXE,100
CROSS,100
KINGBIBLE,100
FIREWAND,100
GARLIC,100
SANTAWATER,100
RUNETRACER,100
LIGHTNINGRING,100
PENTAGRAM,100
PEACHONE,100
EBONYWINGS,100
LAUREL,100
NIGHTSWORD,100
HOLYWAND,100
BLOODYTEAR,100
DEATHSPIRAL,100
HEAVENSWORD,100
HELLFIRE,100
SOULEATER,100
LABORRA,100
NOFUTURE,100
THUNDERLOOP,100
MANNAJJA,100
ECHONIGHT,100
JODORE,100
BOOROOBOOLLE,100
MURAMASA,100
VANDALIER,100
PHIERAGGI,100
MADFOREST,100
INLAIDLIBRARY,100
INLAID,100
DAIRYPLANT,100
GALLOTOWER,100
TOWER,100
GALLO,100
MOONGLOW,100
GREENACRES,100
THEBONEZONE,100
BONE,100
BOSSRASH,100
RASH,100
RUSH,100
MTMOONSPELL,100
MOONSPELL,100
GROGU,100
LEGO,100
MANDALORIAN,100
ANDOR,100
CASSIAN,100
ROGUEONE,100
EXPANSE,100
AMOS,100
JAMESHOLDEN,100
HOLDEN,100
JAMES,100
NAOMI,100
ALEX,100
KAMAL,100
NAGATA,100
ANDERSON,100
DAWES,100
BELTER,100
ROCINANTE,100
MARS,100
EARTH,100
NAUVOO,100
DONNAGER,100
MCRN,100
HOMELANDER,100
ATRAIN,100
FRENCHY,100
HUGHIE,100
BILLY,100
BUTCHER,100
DANCER,100
POKERFACE,100
GAGA,100
LADYGAGA,100
SPACEMAN,100
BRIVIDI,100
STEFANIA,100
INCORPORESANO,100
KONSTRAKTA,100
SHUM,100
GOA,100
MANESKIN,100
FUEGO,100
UNO,100
SOLDI,100
HATARI,100
MAHMOOD,100
LORDI,100
LIVERPOOL,100
GIZZARD,100
UMORANSAM,100
GORICA,100
TITO,100
SKECHERS,100
STICKII,100
CARCASSONNE,100
DARKSOULS,100
DARK,100
SOULS,100
LIMGRAVE,100
CAELID,100
LEYNDELL,100
ENTERTHEGUNGEON,100
GUNGEON,100
INSCRYPTION,100
LANDLORD,100
LUCKBEALANDLORD,100
OSRS,100
OLDSCHOOLRUNESCAPE,100
SLASHERSKEEP,100
SLASHERS,100
VIRIDI,100
PUMPKINPICKING,100
PUMPKINFARM,100
FIREWORKS,100
PSYCHONAUT,100
DRAGONAGE,100
POE,100
PILLARSOFETERNITY,100
REINHARDT,100
DVA,100
MERCY,100
LUCIO,100
SIGMA,100
WRECKINGBALL,100
MCREE,100
CASSIDY,100
ANA,100
ASHE,100
BAPTISTE,100
BASTION,100
BRIGITTE,100
DOOMFIST,100
ECHO,100
GENJI,100
HANZO,100
JUNKRAT,100
MEI,100
MOIRA,100
ORISA,100
PHARAH,100
RAMATTRA,100
REAPER,100
ROADHOG,100
SOJOURN,100
SOMBRA,100
SYMMETRA,100
TORBJORN,100
TRACER,100
WIDOWMAKER,100
WINSTON,100
ZENYATTA,100
ZARYA,100
SPINACH,100
ARMOR,100
HOLLOWHEART,100
PUMMAROLA,100
EMPTYTOME,100
CANDELABRADOR,100
BRACER,100
SPELLBINDER,100
DUPLICATOR,100
WINGS,100
ATTRACTORB,100
CLOVER,100
CROWN,100
STONEMASK,100
TIRAGISU,100
SKULLOMANIAC,100
SILVERRING,100
GOLDRING,100
METAGLIOLEFT,100
METAGLIORIGHT,100
TORRONASBOX,100
EDF,100
LOL,100
RSN,100
OWL,100
BFG,100
TAU,100
LAW,100
BFC,100
DWH,100
NEO,100
RAT,100
MON,100
WEB,100
DEL,100
IMP,100
AOL,100
VPN,100
XBL,100
DUG,100
LAG,100
DEC,100
KEG,100
SIN,100
DRY,100
SSB,100
LWP,100
PDF,100
NPC,100
OWN,100
REZ,100
OHK,100
SEE,100
PJD,100
RBG,100
WAS,100
SOB,100
KKD,100
ETH,100
ELK,100
VIM,100
MMO,100
SUS,100
DAL,100
PWN,100
ZAP,100
QOL,100
FOE,100
USE,100
WAT,100
COX,100
RED,100
FEZ,100
NTA,100
AYE,100
NFC,100
QOS,100
AWK,100
ECO,100
EST,100
ROR,100
AGO,100
OBS,100
GOW,100
ELM,100
DIE,100
SGS,100
MKB,100
SOY,100
SMS,100
NAE,100
STI,100
TMP,100
WIZ,100
MMB,100
DAY,100
ETA,100
GIT,100
ANS,100
DAE,100
SUV,100
NNE,100
INV,100
NES,100
PHI,100
SHA,100
SIF,100
LED,100
SIC,100
ARF,100
FWD,100
EXT,100
TNT,100
UHM,100
ZOG,100
DAW,100
MEH,100
GOD,100
PUB,100
INK,100
IMO,100
SAD,100
CPY,100
RAD,100
AVM,100
LAP,100
BIT,100
RFC,100
DEN,100
BOX,100
WSW,100
TRU,100
GUY,100
VER,100
XOX,100
BKB,100
BOP,100
HOE,100
BWL,100
GUU,100
YUM,100
ICH,100
EXE,100
SDK,100
PKG,100
AVI,100
SPI,100
TGD,100
NTY,100
TYS,100
THU,100
HIP,100
BBQ,100
CGI,100
SND,100
AFT,100
TOO,100
REE,100
FRA,100
PST,100
KAI,100
SON,100
ZIP,100
GIL,100
WAR,100
HEH,100
CDS,100
BGC,100
SMG,100
RUS,100
PEZ,100
DMG,100
LOB,100
BIS,100
BOO,100
BRF,100
MOO,100
BOI,100
KIN,100
OEM,100
PAX,100
KEY,100
ODD,100
LIP,100
LAX,100
ABS,100
FGC,100
CAB,100
LOW,100
FOTM,100
SLO,100
REF,100
HEL,100
MRI,100
DIO,100
WIS,100
INT,100
DEX,100
STR,100
LCK,100
AGI,100
RES,100
ADP,100
RHEA,100
GAIA,100
LOKI,100
ZEUS,100
VIG,100
VIT,100
ATK,100
SPD,100
DEF,100
CURSE,100
BLEED,100
RES,100
PETRIFY,100
POISE,100
DARK,100
POISON,100
HEALTH,100
MANA,100
LIGHTNING,100
STAB,100
DURABILITY,100
DUR,100
END,100
ENDURANCE,100
FHT,100
FTH,100
ATN,100
ATTUNEMENT,100
WEP,100
BNS,100
WEAPON,100
SWORD,100
AXE,100
SPEAR,100
HALBERD,100
GREATSWORD,100
COLOSSAL,100
CHA,100
CHARISMA,100
STRENGTH,100
DEXTERITY,100
STATS,100
SHEET,100
WISOM,100
WISDOM,100
INTELLIGENCE,100
AGILITY,100
THIEVING,100
ATTACK,100
FARMING,100
FISHING,100
COOKING,100
HERBLORE,100
QUEST,100
QUESTS,100
HUNTER,100
CRAFTING,100
MAGIC,100
PRAYER,100
MINING,100
SMITHING,100
FLETCHING,100
WOODCUTTING,100
CONSTRUCTION,100
YEW,100
YEWTREE,100
MAPLETREE,100
MAPLE,100
WILLOW,100
WILLOWTREE,100
OAKTREE,100
OAK,100
PROFESSOROAK,100
CLUE,100
CLUESCROLL,100
IMPCATCHER,100
COOKSASSISTANT,100
RECIPEFORDISASTER,100
RFD,100
DRAGONSLAYER,100
VAMPIRESLAYER,100
ODIN,100
THOR,100
LESHY,100
BABAROGA,100
ROGA,100
BABA,100
BABY,100
BEBE,100
FREYR,100
FREYA,100
HEIMDALL,100
APHRODITE,100
ATHENA,100
ARTEMIS,100
ARES,100
APOLLO,100
DEMETER,100
DIONYSUS,100
HERMES,100
POSEIDON,100
ZEUS,100
TITAN,100
TITANS,100
HOMER,100
ILIAD,100
DANTE,100
INFERNO,100
JUPITER,100
MARS,100
JUNO,100
SATURN,100
NEPTUNE,100
PLUTO,100
VENUS,100
MINERVA,100
MARS,100
CERES,100
AUGUSTUS,100
TIBERIUS,100
CALIGULA,100
CLAUDIUS,100
NERO,100
GALBA,100
OTHO,100
TITUS,100
CAESAR,100
JULIUS,100
JULIUSCAESAR,100
ROMAN,100
ROWAN,100
ROMANEMPIRE,100
EMPIRE,100
VESPASIAN,100
TRAJAN,100
MARCUS,100
DANDOLO,100
ENRICO,100
ENRICODANDOLO,100
DUCAT,100
GROSSO,100
BFA,100
SRE,100
HDD,100
SRB,100
BLT,100
POG,100
SVE,100
EON,100
WOW,100
GYM,100
LHR,100
PLZ,100
DND,100
GTA,100
SAY,100
GUN,100
GET,100
RAN,100
OOB,100
SIM,100
MAY,100
COH,100
AEO,100
PER,100
GEM,100
FFS,100
MVC,100
HIV,100
VEG,100
AITA,100
TIERLISTS,100
TIERLIST,100
ZMI,100
FTL,100
PTR,100
TMI,100
CAP,100
TOM,100
TFW,100
NYX,100
LAMB,100
CULT,100
NOS,100
CUM,100
ROL,100
JAN,100
MUL,100
TED,100
CYA,100
MINT,100
CYAN,100
STILO,100
STILE,100
CASHEW,100
NIKE,100
LPL,100
TCP,100
UDP,100
IDC,100
TBH,100
LMAO,100
ROFL,100
ZOMG,100
OMG,100
OTOH,100
LCD,100
TIT,100
SCP,100
VMS,100
LMS,100
TOB,100
SOTE,100
BLJ,100
USB,100
ELP,100
DEG,100
RAD,100
CRY,100
KIND,100
KUBERNETES,100
PROMETHEUS,100
PANORAMA,100
PANOPTICON,100
ARGO,100
CENTOS,100
WINDOWS,100
LINUX,100
MACOS,100
SLP,100
PSN,100
URN,100
BAD,100
FEW,100
RPG,100
ARPG,100
UNREALENGINE,100
UNREAL,100
FROSTBITE,100
FROSTBITEENGINE,100
HALO,100
YOGSCAST,100
JINGLEJAM,100
SIMON,100
LEWIS,100
MINECRAFT,100
TOMATO,100
PUG,100
TLDR,100
TILDE,100
PIPE,100
PODGORICA,100
CETINJE,100
AFK,100
STD,100
CTF,100
WED,100
NOVAC,100
VAC,100
TEAMFORTRESS,100
PAYTOWIN,100
MVP,100
BOG,100
SWAMP,100
CDPR,100
VCR,100
XBOX,100
GAMECUBE,100
PLAYSTATION,100
NINTENDO,100
SWITCH,100
GAMEBOY,100
MEN,100
PLS,100
AOT,100
ATTACKONTITAN,100
EOF,100
NERD,100
DUD,100
VAPE,100
BIBLE,100
JESUS,100
JUDAS,100
SPQR,100
GPS,100
POS,100
OUR,100
GON,100
OSL,100
COW,100
PIE,100
SPA,100
OHH,100
AWW,100
AHH,100
DOG,100
STO,100
HOTFIX,100
PATCH,100
MAJOR,100
MINOR,100
BUT,100
EOC,100
PEM,100
LHC,100
CERN,100
MILKYWAY,100
SOL,100
DEL,100
GIM,100
PEW,100
HIT,100
MOB,100
OMW,100
UZI,100
DUB,100
ABE,100
TWO,100
MDI,100
JUBJUB,100
CMP,100
LUV,100
DNA,100
EAR,100
ISP,100
SKY,100
SKYBET,100
FORGEROCK,100
JEDI,100
SITH,100
EWOK,100
CORUSCANT,100
TATOOINE,100
HOTH,100
NABOO,100
BESPIN,100
ALDERAAN,100
KAMINO,100
KASHYYYK,100
MUSTAFAR,100
DAGOBAH,100
JAKKU,100
MANDALORE,100
YAVIN,100
HYPERION,100
MALIWAN,100
TORGUE,100
GWD,100
LIT,100
TIN,100
COPPER,100
BRONZE,100
IRON,100
COAL,100
MITHRIL,100
ADAMANT,100
RUNITE,100
RUNE,100
RUNES,100
WRATH,100
MIN,100
VET,100
CLI,100
OCT,100
TIP,100
ANY,100
INTERFACE,100
CLASS,100
STRUCT,100
INT,100
FLOAT,100
STRING,100
OBJECT,100
INSTANTIATE,100
INITIALIZE,100
DECLARE,100
VARS,100
VAR,100
VARIABLE,100
VARIABLES,100
PWD,100
ENV,100
ZEN,100
GTI,100
DPI,100
JAJE,100
DEV,100
DEVS,100
DEVELOPER,100
DEVELOPERS,100
PROGRAMMER,100
PROGRAMMERS,100
CODERS,100
CODER,100
CODER,100
CODE,100
SHEPARD,100
JACOB,100
MORDIN,100
MORDINSOLUS,100
SOLUS,100
GARRUS,100
GARRUSVAKARIAN,100
VAKARIAN,100
JACK,100
GRUNT,100
TALIZORAH,100
TALI,100
SAMARA,100
THANE,100
LEGION,100
GETH,100
ZAEED,100
CITADEL,100
NORMANDY,100
COLLECTORS,100
REAPERS,100
EDI,100
LIARA,100
TSONI,100
LIARATSONI,100
WREX,100
URDNOTWREX,100
URDNOT,100
TUCHANKA,100
KROGAN,100
SURKESH,100
SALARIAN,100
ASARI,100
HAGALAZ,100
SHADOWBREAKER,100
ILLIUM,100
CERBERUS,100
ILLUSIVEMAN,100
GALACTIC,100
MASSRELAY,100
HARBINGER,100
SAREN,100
SPECTRE,100
SPECTRES,100
TURIAN,100
ARCHANGEL,100
ANDROMEDA,100
MASSEFFECT,100
MASS,100
EFFECT,100
AFTERLIFE,100
PURGATORY,100
LEG,100
FLA,100
FED,100
UAE,100
ALP,100
ALPS,100
APT,100
APTS,100
INN,100
POTIONSELLER,100
POTION,100
KNIGHT,100
KING,100
ROOK,100
QUEEN,100
PAWN,100
BISHOP,100
ZELDA,100
LINK,100
KIRBY,100
MAJORASMASK,100
PIKACHU,100
PSYDUCK,100
GKE,100
AWS,100
SWTOR,100
VAULT,100
VAULTS,100
HAD,100
BETHESDA,100
SKYRIM,100
OBLIVION,100
ELDERSCROLLS,100
MORROWIND,100
BAT,100
RAT,100
SLIME,100
SLIMES,100
RATS,100
BATS,100
TIM,100
CSGO,100
EPIC,100
EPICGAMES,100
BLIZZARD,100
ACTIVISIONBLIZZARD,100
ACTIVISION,100
OBSIDIAN,100
ELECTRONICARTS,100
ELECTRONIC,100
NAUGHTYDOG,100
DEVOLVER,100
DEVOLVERDIGITAL,100
DIGITAL,100
ANNAPURNA,100
PORTAL,100
PHP,100
DELPHI,100
PASCAL,100
DELPHIPASCAL,100
MSI,100
CORSAIR,100
SONY,100
STEELSERIES,100
DUCKY,100
ARCTISPRO,100
RAZER,100
LOGITECH,100
PANDEMIC,100
EYE,100
RSS,100
GPT,100
CHATGPT,100
ARTIFICIAL,100
IROBOT,100
THEBLADEITSELF,100
FIRSTLAW,100
THEFIRSTLAW,100
ALLOMANCY,100
MISTBORN,100
MARSH,100
ALLOMANCER,100
STEEL,100
PEWTER,100
ZINC,100
BRASS,100
KELSIER,100
HATHSIN,100
MISTBORN,100
THEFINALEMPIRE,100
FINALEMPIRE,100
EMPIRE,100
LUTHADEL,100
BREEZE,100
HAM,100
CLUBS,100
SAZED,100
VIN,100
USNE,100
RUKA,100
OKO,100
VILJUSKA,100
KASIKA,100
NOZ,100
ULICA,100
ULICE,100
BOLNICA,100
BOLNICE,100
LJESNIK,100
PARK,100
GLAVA,100
VOLIMTE,100
KNIGA,100
KNIGE,100
XIV,100
XII,100
XIII,100
XXVII,100
SEX,100
DOX,100
TIL,100
LUA,100
COD,100
UOK,100
DLL,100
AGE,100
ERA,100
TRVE,100
OBIWAN,100
OBIWANKENOBI,100
KENOBI,100
VADER,100
DARTHVADER,100
YODA,100
DOOKU,100
COUNTDOOKU,100
SKYWALKER,100
LUKESKYWALKER,100
ANAKINSKYWALKER,100
ANAKIN,100
LUKE,100
ANI,100
LEIA,100
JABBA,100
HUTT,100
JABBATHEHUTT,100
RANCOR,100
PHOENIX,100
DUMBLEDORE,100
HARRY,100
HARRYPOTTER,100
POTTER,100
ALBUS,100
SEVERUS,100
SEVERUSSNAPE,100
SNAPE,100
MALFOY,100
DRACOMALFOY,100
DRACO,100
WEASLEY,100
RONWEASLEY,100
RON,100
FREDWEASLEY,100
HERMIONE,100
HERMIONEGRANGER,100
DOBBY,100
HOUSEELF,100
VOLDEMORT,100
SIRIUS,100
SIRIUSBLACK,100
MINISTRYOFMAGIC,100
MOM,100
HOGWARTS,100
TRIWIZARDCUP,100
TRIWIZARD,100
DRAGON,100
DRAGONAGE,100
HUFFLEPUFF,100
GRYFFINDOR,100
SLYTHERIN,100
RAVENCLAW,100
TOEM,100
REPENTANCE,100
DINKUM,100
SUBNAUTICA,100
HUTTS,100
DOCFIREBIRD,100
FIREBIRD,100
ARCHON,100
BARBARIAN,100
CRUSADER,100
WITCHDOCTOR,100
DEMONHUNTER,100
MAGE,100
WARRIOR,100
DEATHKNIGHT,100
ROGUE,100
DRUID,100
OWLKIN,100
MOONKIN,100
PRIEST,100
WARLOCK,100
PALADIN,100
SHAMAN,100
NIGHTELF,100
BLOODELF,100
TROLL,100
STORMWIND,100
IRONFORGE,100
DWARF,100
HUMAN,100
DWARVES,100
ELVES,100
NIGHTELVES,100
NELF,100
NELFS,100
TELDRASSIL,100
CRIMSON,100
JAD,100
ZUK,100
TOB,100
VAX,100
WAV,100
ACDC,100
SLAYER,100
METALLICA,100
ASHBRINGER,100
LICHKING,100
NORTHREND,100
KDR,100
KDA,100
SCORE,100
PTFO,100
BOT,100
CAO,100
SALT,100
SALTY,100
NFT,100
WEB,100
WWW,100
NNE,100
ENE,100
EAST,100
SSE,100
ESE,100
SSW,100
WSW,100
WEST,100
SOUTH,100
WNW,100
NNW,100
NORTH,100
GUTHIX,100
SARADOMIN,100
ZAMORAK,100
GUTHAN,100
KARIL,100
TORAG,100
DHAROK,100
AHRIM,100
VERAC,100
BUD,100
JIT,100
PRE,100
GIG,100
BAN,100
PIP,100
GOLANG,100
PYTHON,100
PHP,100
JAVA,100
JAVASCRIPT,100
TYPESCRIPT,100
REACT,100
HTML,100
HTTP,100
HTTPS,100
CSS,100
ANGULAR,100
VUE,100
CINEWORLD,100
CINEMA,100
POPCORN,100
SFTP,100
FTP,100
SSH,100
GHIBLI,100
STUDIOGHIBLI,100
HOWLS,100
MOVINGCASTLE,100
SAP,100
NUT,100
ICC,100
NHS,100
HAM,100
PARASITE,100
PARASITES,100
SLA,100
SLI,100
SLO,100
SLOS,100
SLAS,100
SLIS,100
BOOTS,100
NUB,100
NOOB,100
NEWBIE,100
NEWBIES,100
NOOBS,100
NUBS,100
ETHER,100
ETHERS,100
SIM,100
SIMS,100
GENESEED,100
GENESEEDS,100
ANEMONE,100
ANEMONES,100
IRONORE,100
IRONORES,100
RESTORE,100
RESTORES,100
PANDORA,100
PANDORAS,100
RAVIOLI,100
RAVIOLIS,100
AIRPOD,100
AIRPODS,100
EPISODE,100
EPISODES,100
PERSONA,100
PERSONAS,100
SEASON,100
SEASONS,100
MINION,100
MINIONS,100
NEWTON,100
NEWTONS,100
PERIOD,100
PERIODS,100
DRAGON,100
DRAGONS,100
AMBROSE,100
RACCOON,100
RACCOONS,100
POISON,100
POISONS,100
LINT,100
LINTS,100
PING,100
PINGS,100
PIN,100
PINS,100
PUN,100
PUNS,100
RAND,100
RANDS,100
ION,100
IONS,100
HONK,100
HONKS,100
POND,100
PONDS,100
PONY,100
PONIES,100
RING,100
RINGS,100
RANNI,100
RANNIS,100
HUNT,100
HUNTS,100
PINE,100
PINES,100
RINK,100
RINKS,100
TANG,100
TANGS,100
HEN,100
HENS,100
COOP,100
COOPS,100
VINE,100
VINES,100
VENT,100
VENTS,100
TANK,100
TANKS,100
SAMUS,100
LAPTOP,100
LAPTOPS,100
ANDROID,100
ANDROIDS,100
CONSOLE,100
CONSOLES,100
THEBOYS,100
REDSTONE,100
REDSTONES,100
DEPLOYS,100
DEPLOY,100
MINIGOLF,100
MINIGOLFS,100
CINEMA,100
CINEMAS,100
FIREWORK,100
FIREWORKS,100
ROUTER,100
ROUTERS,100
COMPUTER,100
COMPUTERS,100
HANSOLO,100
TALON,100
TALONS,100
NMZ,100
JET,100
KEN,100
LUX,100
CSS,100
WIN,100
WINS,100
IOT,100
GUM,100
PUT,100
AUG,100
SRS,100
BUB,100
RAT,100
SLY,100
BUN,100
BUNS,100
HUH,100
HUHS,100
ETC,100
TUNA,100
TUNAS,100
SALMON,100
SALMONS,100
LOSOS,100
WETFOOD,100
WETFOODS,100
KIBBLE,100
KIBBLES,100
VOW,100
VOWS,100
JIN,100
STG,100
DLC,100
DLCS,100
ERR,100
BEN,100
GAY,100
GAYS,100
ATARI,100
ATARIS,100
CHOSEN,100
DARK,100
DARKER,100
DARKANDDARKER,100
GERMANY,100
TIMETRAVEL,100
OKT,100
OTK,100
DAN,100
MOT,100
DUE,100
WAN,100
ANGLAND,100
ANGLANDER,100
ANGLANDERS,100
UNI,100
SOZ,100
BET,100
UID,100
UIDS,100
UUID,100
UUIDS,100
PAR,100
MGM,100
OOF,100
OOFS,100
LVL,100
HUM,100
FUN,100
WEE,100
MOOMIN,100
MOOMINS,100
SNOOPY,100
LAGANO,100
LAGANOS,100
EUPHORIA,100
SEKRET,100
INCORPORESANO,100
LOVEISONMYSIDE,100
DARKSIDE,100
LOVEISONMYSIDES,100
FALLENANGEL,100
FALLENANGELS,100
RUSSIANWOMAN,100
SHUM,100
ZITTIEBUONI,100
MANESKIN,100
GOA,100
THEROOP,100
DISCOTEQUE,100
JEDWARD,100
LIPSTICK,100
FUEGO,100
ONLYTEARDROPS,100
QELEQELE,100
POPULAR,100
HARDROCKHALLELUJAH,100
HALLELUJAH,100
MYNUMBERONE,100
SATELLITE,100
FAIRYTALE,100
RISELIKEAPHOENIX,100
ONFIRE,100
LOREEN,100
CONCHITA,100
CONCHITAWURST,100
HATARI,100
INKSPOT,100
INKSPOTS,100
MAYBE,100
ITSASIN,100
SIN,100
SINS,100
BIGIRON,100
BIGIRONS,100
JOHNNYGUITAR,100
EARTHANGEL,100
ATLAST,100
ETTA,100
ETTAJAMES,100
THEPENGUINS,100
PENGUIN,100
PENGUINS,100
FLAMINGO,100
FLAMINGOS,100
SABATON,100
SABATONS,100
WINTERSUN,100
AMONAMARTH,100
GWD,100
LUMBRIDGE,100
VARROCK,100
FALADOR,100
TAVERLY,100
ARDOUGNE,100
AURORA,100
AURORAS,100
MARINA,100
MARINAS,100
CUREFORME,100
EVERYTHINGMATTERS,100
GHOST,100
GHOSTS,100
DANCEMACABRE,100
ORVILLE,100
PECK,100
FIRELINKSHRINE,100
BONFIRE,100
BONFIRES,100
MAJULA,100
SHADEDWOOD,100
SHADEDWOODS,100
DRAGONRIDER,100
DRAGONRIDERS,100
OLDDRAGONSLAYER,100
OLDDRAGONSLAYERS,100
DRANGLEIC,100
LOTHRIC,100
FARRONKEEP,100
CATHEDRALOFTHEDEEP,100
BOREAL,100
BOREALVALLEY,100
ARIANDEL,100
GUNDYR,100
IUDEX,100
IUDEXGUNDYR,100
DRUID,100
DRUIDS,100
SORCERER,100
SORCERERS,100
ROGUE,100
ROGUES,100
BARBARIANS,100
BARBARIANSS,100
NECROMANCERS,100
NECROMANCERSS,100
LILITH,100
CAVELING,100
CAVELINGS,100
BOBO,100
BOBOS,100
LILT,100
LILTS,100
CORE,100
CORES,100
COREKEEPERS,100
COREKEEPER,100
GUPPY,100
TIN,100
TINS,100
IRON,100
IRONS,100
KYOVASHAD,100
KIRIGAN,100
STARKOV,100
ALINA,100
KAZ,100
BREKKER,100
PEKKA,100
ROLLINS,100
KIRIGAN,100
ETHERNET,100
INTERNET,100
CABLE,100
CABLES,100
ROUTER,100
ROUTERS,100
PACKET,100
PACKETS,100
DLE,100
DLES,100
CROSSWORD,100
CROSSWORDS,100
